"","ISO3","n_basin","n_trans_basin","n_crypt_basin","n_trans_crypt_basin","prop_trans","prop_crypt","prop_trans_crypt","sed_iso3","trans_sed_iso3","crypt_sed_iso3","trans_crypt_sed_iso3","prop_trans_sed","prop_crypt_sed","prop_trans_crypt_sed"
"1","ABW",1,1,1,1,1,1,1,8244.09196460713,8244.09196460713,8244.09196460713,8244.09196460713,1,1,1
"2","AFG",27,18,1,1,0.666666666666667,0.037037037037037,0.037037037037037,386542902.961129,385446771.600229,110977693.947042,110977693.947042,0.997164269858524,0.287103173016223,0.287103173016223
"3","AGO",117,13,105,9,0.111111111111111,0.897435897435897,0.0769230769230769,187473661.321994,61476738.9758439,174925935.456415,48956771.3239946,0.327922005375758,0.933069393443872,0.261139463425261
"4","AIA",1,1,1,1,1,1,1,1409.42391182249,1409.42391182249,1409.42391182249,1409.42391182249,1,1,1
"5","ALA",3,2,3,2,0.666666666666667,1,0.666666666666667,1009.42444976294,36.1741146394328,1009.42444976294,36.1741146394328,0.0358363765093349,1,0.0358363765093349
"6","ALB",20,10,19,9,0.5,0.95,0.45,43723192.3400318,36019121.5500848,43441469.3767555,35737398.5868084,0.823798986816125,0.993556669854172,0.817355656670297
"7","AND",2,2,2,2,1,1,1,NA,NA,NA,NA,NA,NA,NA
"8","ARE",61,22,50,15,0.360655737704918,0.819672131147541,0.245901639344262,728323.71083066,724232.279224074,724559.724808402,720468.293201817,0.994382399548795,0.994831987526584,0.989214387075379
"9","ARG",554,83,220,55,0.149819494584838,0.397111913357401,0.0992779783393502,442424699.930639,388268071.909794,326687633.17697,317141072.796472,0.877591309822132,0.738402790866301,0.716824971223785
"10","ARM",1,1,1,1,1,1,1,16564912.9978314,16564912.9978314,16564912.9978314,16564912.9978314,1,1,1
"11","ATF",4,1,1,1,0.25,0.25,0.25,24.3539768010378,0,0,0,0,0,0
"12","ATG",1,1,1,1,1,1,1,87616.8179907491,87616.8179907491,87616.8179907491,87616.8179907491,1,1,1
"13","AUS",1736,4,876,4,0.00230414746543779,0.504608294930876,0.00230414746543779,319345512.240909,4170.98558930571,301971175.425048,4170.98558930571,0.0000130610433822511,0.945593922100418,0.0000130610433822511
"14","AUT",6,6,6,6,1,1,1,32776442.133734,32776442.133734,32776442.133734,32776442.133734,1,1,1
"15","AZE",35,11,32,11,0.314285714285714,0.914285714285714,0.314285714285714,27947049.0951343,22315364.0789964,27933982.8066228,22315364.0789964,0.798487310879687,0.999532462677293,0.798487310879687
"16","BDI",2,2,2,2,1,1,1,NA,NA,NA,NA,NA,NA,NA
"17","BEL",13,11,11,10,0.846153846153846,0.846153846153846,0.769230769230769,424327.372758217,424278.631468,424310.593603011,424264.748051872,0.999885132816438,0.99996045705207,0.999852414172723
"18","BEN",13,9,11,9,0.692307692307692,0.846153846153846,0.692307692307692,14912991.5262245,14907324.236465,14912496.5626379,14907324.236465,0.999619976330736,0.999966809906267,0.999619976330736
"19","BES",2,2,2,2,1,1,1,19099.8861181891,19099.8861181891,19099.8861181891,19099.8861181891,1,1,1
"20","BFA",3,3,3,3,1,1,1,16718909.7756726,16718909.7756726,16718909.7756726,16718909.7756726,1,1,1
"21","BGD",66,16,65,16,0.242424242424242,0.984848484848485,0.242424242424242,7431210.55695634,6237362.99058413,7430103.47251028,6237362.99058413,0.839346825497408,0.999851022328386,0.839346825497408
"22","BGR",21,15,21,15,0.714285714285714,1,0.714285714285714,14446506.8586272,13364623.5996022,14446506.8586272,13364623.5996022,0.925111082588176,1,0.925111082588176
"23","BHR",2,2,2,2,1,1,1,912.59048224608,912.59048224608,912.59048224608,912.59048224608,1,1,1
"24","BHS",14,2,9,1,0.142857142857143,0.642857142857143,0.0714285714285714,98064.3857708713,215.195739284507,97558.644084342,NA,0.00219443315320727,0.994842758841003,NA
"25","BIH",14,13,6,6,0.928571428571429,0.428571428571429,0.428571428571429,21806643.4051345,21356704.4700463,18376042.0498277,18376042.0498277,0.979366887111921,0.842680907300983,0.842680907300983
"26","BLM",1,1,1,1,1,1,1,17495.7395000756,17495.7395000756,17495.7395000756,17495.7395000756,1,1,1
"27","BLR",6,6,6,6,1,1,1,553721.839758912,553721.839758912,553721.839758912,553721.839758912,1,1,1
"28","BLZ",19,9,17,8,0.473684210526316,0.894736842105263,0.421052631578947,545542.814306746,324711.441382724,544674.969333545,324711.441382724,0.595207988937321,0.998409208314285,0.595207988937321
"29","BOL",30,22,3,3,0.733333333333333,0.1,0.1,382150616.977489,379497042.240154,334433146.651727,334433146.651727,0.993056207109326,0.875134388887897,0.875134388887897
"30","BRA",507,11,461,11,0.0216962524654832,0.909270216962525,0.0216962524654832,1546030764.59223,710536761.096552,1545971027.87591,710536761.096552,0.459587724493928,0.999961361236984,0.459587724493928
"31","BRB",1,NA,1,NA,NA,1,NA,272326.535389982,NA,272326.535389982,NA,NA,1,NA
"32","BRN",13,10,12,9,0.769230769230769,0.923076923076923,0.692307692307692,110258.270689769,71895.6461735386,110211.917307708,71849.2927914781,0.65206578811516,0.999579592698393,0.651645380813553
"33","BTN",1,1,1,1,1,1,1,32963422.8942015,32963422.8942015,32963422.8942015,32963422.8942015,1,1,1
"34","BWA",5,4,3,3,0.8,0.6,0.6,3932809.24038422,3930050.9423285,3213416.78546652,3213416.78546652,0.999298644331031,0.817079240068248,0.817079240068248
"35","CAF",4,4,3,3,1,0.75,0.75,26633751.4961642,26633751.4961642,13178167.7139186,13178167.7139186,1,0.494792020411263,0.494792020411263
"36","CAN",2664,65,2540,65,0.0243993993993994,0.953453453453453,0.0243993993993994,632104632.008652,189662078.358247,631930036.261667,189662078.358247,0.300048550119865,0.999723786635719,0.300048550119865
"37","CHE",5,5,5,5,1,1,1,33078551.8612498,33078551.8612498,33078551.8612498,33078551.8612498,1,1,1
"38","CHL",512,98,426,57,0.19140625,0.83203125,0.111328125,385160898.683235,221297630.409891,354952304.208365,201409323.130801,0.574558921132571,0.921568896068772,0.522922559946679
"39","CHN",1032,90,360,24,0.0872093023255814,0.348837209302326,0.0232558139534884,4300706150.82955,1788097616.62241,3456971105.14738,1438448873.74599,0.415768377078613,0.803814765275368,0.334468067172766
"40","CIV",32,11,29,11,0.34375,0.90625,0.34375,45415942.5983711,43037639.5700155,45414706.1881154,43037639.5700155,0.94763285991028,0.999972775853918,0.94763285991028
"41","CMR",35,12,34,11,0.342857142857143,0.971428571428571,0.314285714285714,133418303.234754,128158703.481041,113529637.028089,108270037.274376,0.960578124393782,0.850930001922823,0.811508126316606
"42","COD",8,7,8,7,0.875,1,0.875,210642085.05194,210642079.452735,210642085.05194,210642079.452735,0.999999973418391,1,0.999999973418391
"43","COG",15,11,14,10,0.733333333333333,0.933333333333333,0.666666666666667,52077915.7780144,51982531.928312,52077900.550901,51982516.7011986,0.998168439572179,0.99999970760901,0.998168147181189
"44","COL",114,26,107,26,0.228070175438596,0.93859649122807,0.228070175438596,212346984.524818,197285215.662109,212345777.958857,197285215.662109,0.929070012948789,0.999994317951045,0.929070012948789
"45","COM",1,1,1,1,1,1,1,1911506.67878434,1911506.67878434,1911506.67878434,1911506.67878434,1,1,1
"46","CRI",44,12,42,12,0.272727272727273,0.954545454545455,0.272727272727273,12892811.2733796,5434143.07403136,12892632.1436208,5434143.07403136,0.421486280905351,0.999986106229665,0.421486280905351
"47","CUB",110,1,96,1,0.00909090909090909,0.872727272727273,0.00909090909090909,15730212.7251037,24114.6683215329,15728065.7706686,24114.6683215329,0.0015330160337278,0.99986351396052,0.0015330160337278
"48","CUW",1,1,1,1,1,1,1,17057.3508063472,17057.3508063472,17057.3508063472,17057.3508063472,1,1,1
"49","CYM",2,NA,1,NA,NA,0.5,NA,5320.20130807842,NA,2596.51407765428,NA,NA,0.488048088276589,NA
"50","CYP",8,NA,8,NA,NA,1,NA,1577072.525176,NA,1577072.525176,NA,NA,1,NA
"51","CZE",4,4,4,4,1,1,1,3280473.35054971,3280473.35054971,3280473.35054971,3280473.35054971,1,1,1
"52","DEU",56,16,53,16,0.285714285714286,0.946428571428571,0.285714285714286,9761730.65492068,8449203.06129496,9761730.50519848,8449203.06129496,0.865543555746019,0.999999984662331,0.865543555746019
"53","DJI",23,17,12,7,0.739130434782609,0.521739130434783,0.304347826086957,9080406.91192777,6447228.44871221,3910846.76647238,1341230.28576942,0.710015367289688,0.430690695296397,0.147705967230126
"54","DMA",1,1,1,1,1,1,1,80268.9452101827,80268.9452101827,80268.9452101827,80268.9452101827,1,1,1
"55","DNK",75,3,71,3,0.04,0.946666666666667,0.04,366009.003911245,15679.2107657814,365970.591214091,15679.2107657814,0.0428383198179012,0.999895049857398,0.0428383198179012
"56","DOM",30,6,27,5,0.2,0.9,0.166666666666667,21202054.4603682,11147709.2324792,21038423.3774087,10984164.2112904,0.525784388174126,0.992282300601325,0.518070747899574
"57","DZA",671,98,54,10,0.146050670640835,0.0804769001490313,0.014903129657228,97285618.3267289,12579888.2639972,71425513.3354366,9550428.50139791,0.129308817483673,0.734183680629522,0.0981689654201844
"58","ECU",72,7,69,7,0.0972222222222222,0.958333333333333,0.0972222222222222,95574441.6811798,46664237.8037949,95561127.6032995,46664237.8037949,0.488250174240712,0.999860694160007,0.488250174240712
"59","EGY",432,34,124,8,0.0787037037037037,0.287037037037037,0.0185185185185185,768794.334126919,411306.343415933,689100.556393152,403452.405630932,0.53500178806993,0.896339275413273,0.524785872790169
"60","ERI",56,17,45,12,0.303571428571429,0.803571428571429,0.214285714285714,63688168.6689461,40068842.6656018,57991040.1105008,37234856.1367193,0.629141071301351,0.910546516291602,0.584643222044392
"61","ESH",87,28,32,14,0.32183908045977,0.367816091954023,0.160919540229885,21619.1288491695,11816.6749504939,20354.2602071867,11797.7831767783,0.546584232553285,0.941493080003019,0.545710387272681
"62","ESP",139,23,135,22,0.165467625899281,0.971223021582734,0.158273381294964,133876869.310339,61344131.6687126,133724533.185144,61344131.6687126,0.45821307283868,0.998862117660959,0.45821307283868
"63","EST",26,8,25,8,0.307692307692308,0.961538461538462,0.307692307692308,43871.6311054108,31200.9694696917,43852.2646237824,31200.9694696917,0.711187815076325,0.999558564814197,0.711187815076325
"64","ETH",48,26,7,7,0.541666666666667,0.145833333333333,0.145833333333333,1007615739.6593,938296431.013299,709562728.606545,709562728.606545,0.93120461906496,0.70419972681894,0.70419972681894
"65","FIN",96,24,95,24,0.25,0.989583333333333,0.25,435510.613023123,288857.992412563,435509.407296783,288857.992412563,0.663262808700431,0.999997231465082,0.663262808700431
"66","FJI",25,1,21,NA,0.04,0.84,NA,6939632.52152048,0,6878322.07311234,NA,0,0.991165173628717,NA
"67","FLK",19,NA,17,NA,NA,0.894736842105263,NA,442060.853340174,NA,442060.853340174,NA,NA,1,NA
"68","FRA",148,25,139,24,0.168918918918919,0.939189189189189,0.162162162162162,79184997.6484821,62621263.6144163,79148695.2061492,62621261.2175186,0.790822320818958,0.999541548987675,0.790822290549364
"69","FRO",1,NA,1,NA,NA,1,NA,2699208.07524726,NA,2699208.07524726,NA,NA,1,NA
"70","FSM",1,1,1,1,1,1,1,0,0,0,0,NA,NA,NA
"71","GAB",38,14,38,14,0.368421052631579,1,0.368421052631579,11817113.9379927,11639013.7360812,11817113.9379927,11639013.7360812,0.984928621079051,1,0.984928621079051
"72","GBR",201,8,187,8,0.0398009950248756,0.930348258706468,0.0398009950248756,58061030.172615,668102.629399565,58056906.9330924,668102.629399565,0.0115069027782198,0.99992898438918,0.0115069027782198
"73","GEO",25,13,23,13,0.52,0.92,0.52,34436294.0057382,32451362.1448813,34436260.3576163,32451362.1448813,0.94235930670919,0.999999022887832,0.94235930670919
"74","GGY",1,1,1,1,1,1,1,970.95146661783,970.95146661783,970.95146661783,970.95146661783,1,1,1
"75","GHA",26,9,24,9,0.346153846153846,0.923076923076923,0.346153846153846,48730047.5267216,42522294.8147807,48729276.0098541,42522294.8147807,0.872609344192886,0.999984167533038,0.872609344192886
"76","GIB",1,1,1,1,1,1,1,NA,NA,NA,NA,NA,NA,NA
"77","GIN",37,22,37,22,0.594594594594595,1,0.594594594594595,133529335.110756,104761640.210023,133529335.110756,104761640.210023,0.784558989402054,1,0.784558989402054
"78","GLP",1,1,1,1,1,1,1,289752.076769468,289752.076769468,289752.076769468,289752.076769468,1,1,1
"79","GMB",11,9,10,9,0.818181818181818,0.909090909090909,0.818181818181818,391429.96432282,387235.668526725,391370.196373108,387235.668526725,0.989284683906733,0.999847308701021,0.989284683906733
"80","GNB",19,8,18,8,0.421052631578947,0.947368421052632,0.421052631578947,1882397.12929424,1504916.88195068,1882254.29167111,1504916.88195068,0.799468326067256,0.999924119294005,0.799468326067256
"81","GNQ",11,9,10,9,0.818181818181818,0.909090909090909,0.818181818181818,675156.274895582,115423.522585149,675156.274895582,115423.522585149,0.170958231267272,1,0.170958231267272
"82","GRC",109,18,97,17,0.165137614678899,0.889908256880734,0.155963302752294,81458028.2619854,16011143.7349945,78538733.1094566,15704477.6549532,0.196556976354737,0.964161971326635,0.192792263574616
"83","GRD",2,1,1,NA,0.5,0.5,NA,81326.4151886489,15771.7713292018,65554.6438594471,NA,0.193931716928832,0.806068283071168,NA
"84","GRL",1202,2,1112,2,0.00166389351081531,0.925124792013311,0.00166389351081531,0,NA,0,NA,NA,NA,NA
"85","GTM",38,17,34,15,0.447368421052632,0.894736842105263,0.394736842105263,51824192.6037387,42899378.4291025,51454362.267776,42835984.8160856,0.827786720328134,0.992863751128927,0.826563476707118
"86","GUF",26,4,24,4,0.153846153846154,0.923076923076923,0.153846153846154,220169.11560541,106137.983432811,220155.367588772,106137.983432811,0.482074804819731,0.999937557015657,0.482074804819731
"87","GUM",1,1,1,1,1,1,1,0,0,0,0,NA,NA,NA
"88","GUY",32,12,31,12,0.375,0.96875,0.375,1347029.92643883,1237738.48865056,1347021.20634284,1237738.48865056,0.918864877726054,0.999993526427419,0.918864877726054
"89","HKG",1,1,1,1,1,1,1,518652.975446151,518652.975446151,518652.975446151,518652.975446151,1,1,1
"90","HND",47,12,42,11,0.25531914893617,0.893617021276596,0.234042553191489,67656039.5175567,37161823.7789703,67655982.8262929,37161818.6389386,0.549275778540462,0.999999162066472,0.549275702567472
"91","HRV",30,13,18,9,0.433333333333333,0.6,0.3,14096907.859357,8745146.43751914,12929124.4672105,8133338.12778914,0.62035919683723,0.917160316021261,0.576959018880905
"92","HTI",19,6,17,5,0.315789473684211,0.894736842105263,0.263157894736842,50690968.6445515,22516567.9081991,48752652.7404954,20578282.7730177,0.444192890968148,0.961762105639613,0.405955603597044
"93","HUN",1,1,1,1,1,1,1,1658867.16573523,1658867.16573523,1658867.16573523,1658867.16573523,1,1,1
"94","IDN",1110,41,1059,41,0.0369369369369369,0.954054054054054,0.0369369369369369,396508720.643643,36976548.4903832,396126556.924123,36976548.4903832,0.0932553221789422,0.99903617827396,0.0932553221789422
"95","IMN",1,NA,1,NA,NA,1,NA,80552.9830727445,NA,80552.9830727445,NA,NA,1,NA
"96","IND",331,18,312,17,0.054380664652568,0.942598187311178,0.0513595166163142,1186640209.16387,553801792.542895,1186609351.70595,553801792.542895,0.466697309147406,0.999973995944443,0.466697309147406
"97","IRL",66,8,62,8,0.121212121212121,0.939393939393939,0.121212121212121,10476325.5769795,1132989.09076956,10476297.3384458,1132989.09076956,0.108147563995068,0.999997304538363,0.108147563995068
"98","IRN",232,27,130,15,0.116379310344828,0.560344827586207,0.0646551724137931,239925956.947252,150163092.755967,186896439.095462,130698716.673264,0.625872642821138,0.77897548674382,0.544746047223219
"99","IRQ",33,18,5,5,0.545454545454545,0.151515151515152,0.151515151515152,53272684.3648653,53272591.7936044,53272247.1598025,53272247.1598025,0.999998262312817,0.999991793072416,0.999991793072416
"100","ISL",89,NA,85,NA,NA,0.955056179775281,NA,64134294.4867937,NA,64133274.3313768,NA,NA,0.999984093449143,NA
"101","ISR",19,16,14,13,0.842105263157895,0.736842105263158,0.684210526315789,2550521.6869837,2548116.98400731,754274.261241933,752256.155729673,0.999057172111629,0.295733325888303,0.294942073838748
"102","ITA",182,19,160,19,0.104395604395604,0.879120879120879,0.104395604395604,150626952.792336,64745001.5045241,150416660.604699,64745001.5045241,0.42983676097986,0.998603887393729,0.42983676097986
"103","JAM",11,NA,9,NA,NA,0.818181818181818,NA,2932511.42326439,NA,2932511.42326439,NA,NA,1,NA
"104","JEY",1,1,1,1,1,1,1,2211.22038768708,2211.22038768708,2211.22038768708,2211.22038768708,1,1,1
"105","JOR",23,19,5,5,0.826086956521739,0.217391304347826,0.217391304347826,3646833.51013731,3646833.51013731,0,0,1,0,0
"106","JPN",274,1,264,1,0.00364963503649635,0.963503649635037,0.00364963503649635,65982760.8540441,NA,65919341.9426329,NA,NA,0.999038856352928,NA
"107","KAZ",426,53,73,9,0.124413145539906,0.171361502347418,0.0211267605633803,83501464.9775224,81915164.5165689,22260983.2640982,21623652.7811691,0.981002722989585,0.266593924670551,0.258961358186829
"108","KEN",64,17,34,11,0.265625,0.53125,0.171875,172801335.737729,128010971.198728,111025082.137856,86821317.4657247,0.74079850512856,0.642501295860152,0.502434295979624
"109","KGZ",7,7,NA,NA,1,NA,NA,240903599.427367,240903599.427367,NA,NA,1,NA,NA
"110","KHM",28,8,27,8,0.285714285714286,0.964285714285714,0.285714285714286,19250794.7670217,17096861.0539083,19250776.0694383,17096861.0539083,0.888111959055149,0.999999028737063,0.888111959055149
"111","KIR",1,1,1,1,1,1,1,0,0,0,0,NA,NA,NA
"112","KNA",1,1,1,1,1,1,1,332470.684255402,332470.684255402,332470.684255402,332470.684255402,1,1,1
"113","KOR",60,8,59,8,0.133333333333333,0.983333333333333,0.133333333333333,57464465.103561,17894403.9799992,57464397.3297629,17894403.9799992,0.311399470050759,0.999998820596381,0.311399470050759
"114","KWT",21,10,16,8,0.476190476190476,0.761904761904762,0.380952380952381,5213.04861813496,3366.82558850777,5157.56591694364,3334.25798542667,0.645845806385803,0.989356956887319,0.639598482513202
"115","LAO",12,12,12,12,1,1,1,40274268.8799623,40274268.8799623,40274268.8799623,40274268.8799623,1,1,1
"116","LBN",10,7,7,4,0.7,0.7,0.4,10443633.9395431,4922276.69112097,9475334.09378172,3953976.84535957,0.471318385881333,0.907283245337134,0.378601631218467
"117","LBR",35,9,33,9,0.257142857142857,0.942857142857143,0.257142857142857,933023.1279163,694443.142371605,931565.542481641,694443.142371605,0.744293599583635,0.998437782096662,0.744293599583635
"118","LBY",466,76,61,3,0.163090128755365,0.130901287553648,0.00643776824034335,3794263.85238887,293316.535605894,2694806.07362689,121751.327599237,0.0773052552529318,0.710231596553371,0.0320882606839748
"119","LCA",1,NA,1,NA,NA,1,NA,78451.0013643809,NA,78451.0013643809,NA,NA,1,NA
"120","LIE",1,1,1,1,1,1,1,NA,NA,NA,NA,NA,NA,NA
"121","LKA",50,1,48,1,0.02,0.96,0.02,6423369.37196981,17821.6330482096,6422824.40988867,17821.6330482096,0.00277449917888567,0.999915159467005,0.00277449917888567
"122","LSO",5,5,5,5,1,1,1,58771747.6199535,58771747.6199535,58771747.6199535,58771747.6199535,1,1,1
"123","LTU",11,9,10,9,0.818181818181818,0.909090909090909,0.818181818181818,193782.195017083,183529.078348104,193782.195017083,183529.078348104,0.947089480186373,1,0.947089480186373
"124","LUX",2,2,2,2,1,1,1,127814.346851383,127814.346851383,127814.346851383,127814.346851383,1,1,1
"125","LVA",30,12,28,12,0.4,0.933333333333333,0.4,116429.568319679,101230.308347602,116417.453816972,101230.308347602,0.869455326585556,0.999895949947402,0.869455326585556
"126","MAC",1,1,1,1,1,1,1,3726.24898585677,3726.24898585677,3726.24898585677,3726.24898585677,1,1,1
"127","MAF",1,1,1,1,1,1,1,16092.1388526056,16092.1388526056,16092.1388526056,16092.1388526056,1,1,1
"128","MAR",103,27,80,13,0.262135922330097,0.776699029126214,0.12621359223301,165499450.912529,42098265.2235291,153917945.53212,30640398.241218,0.254371026558748,0.930020883353085,0.185138972197632
"129","MCO",1,1,1,1,1,1,1,NA,NA,NA,NA,NA,NA,NA
"130","MDA",4,4,4,4,1,1,1,4510864.9154011,4510864.9154011,4510864.9154011,4510864.9154011,1,1,1
"131","MDG",204,NA,189,NA,NA,0.926470588235294,NA,352571579.049016,NA,352429648.376369,NA,NA,0.999597441537885,NA
"132","MEX",484,20,420,20,0.0413223140495868,0.867768595041322,0.0413223140495868,852487136.935317,204515245.508111,848652916.762659,204515245.508111,0.239904201069053,0.995502313165167,0.239904201069053
"133","MHL",1,1,1,1,1,1,1,0,0,0,0,NA,NA,NA
"134","MKD",7,7,6,6,1,0.857142857142857,0.857142857142857,11768569.4714243,11768569.4714243,11506533.5789661,11506533.5789661,1,0.977734261322548,0.977734261322548
"135","MLI",226,69,5,5,0.305309734513274,0.0221238938053097,0.0221238938053097,39474159.3830709,39435793.824933,39340758.8055186,39340758.8055186,0.999028084226809,0.996620559382717,0.996620559382717
"136","MLT",1,NA,1,NA,NA,1,NA,69322.1693833251,NA,69322.1693833251,NA,NA,1,NA
"137","MMR",136,30,133,30,0.220588235294118,0.977941176470588,0.220588235294118,157127981.972192,144252702.24836,157127533.890505,144252702.24836,0.918058645174287,0.999997148301145,0.918058645174287
"138","MNE",11,9,4,4,0.818181818181818,0.363636363636364,0.363636363636364,6043460.48196549,5569794.24137682,4289830.83089581,4289830.83089581,0.921623341130111,0.709830211299843,0.709830211299843
"139","MNG",390,64,3,3,0.164102564102564,0.00769230769230769,0.00769230769230769,232221176.147839,179554869.166668,110042397.514912,110042397.514912,0.773206268890647,0.473868918159538,0.473868918159538
"140","MNP",1,1,1,1,1,1,1,0,0,0,0,NA,NA,NA
"141","MOZ",166,15,149,14,0.0903614457831325,0.897590361445783,0.0843373493975904,138863797.978959,89943313.9015173,137793291.54857,88942777.8480073,0.647708871646633,0.992290961028221,0.64050371041619
"142","MRT",272,65,37,13,0.238970588235294,0.136029411764706,0.0477941176470588,7353927.61271001,6508921.65302787,6235515.33849405,6134846.51375959,0.885094604654294,0.847916333540872,0.834227209845871
"143","MSR",1,1,1,1,1,1,1,212566.424495194,212566.424495194,212566.424495194,212566.424495194,1,1,1
"144","MTQ",1,NA,1,NA,NA,1,NA,405063.947389605,NA,405063.947389605,NA,NA,1,NA
"145","MWI",4,4,3,3,1,0.75,0.75,81997028.6997559,81997028.6997559,78893404.4812903,78893404.4812903,1,0.962149552640134,0.962149552640134
"146","MYS",201,49,197,47,0.243781094527363,0.980099502487562,0.233830845771144,33167106.2460386,15456448.2892848,33166994.48078,15456356.2745494,0.466017390079993,0.99999663023787,0.466014615803135
"147","MYT",1,1,1,1,1,1,1,27166.6809861551,27166.6809861551,27166.6809861551,27166.6809861551,1,1,1
"148","NAM",141,8,96,5,0.0567375886524823,0.680851063829787,0.0354609929078014,107683755.959712,35371283.9741809,82978530.4273837,30133300.8690895,0.3284737206549,0.77057611603396,0.279831443475684
"149","NCL",18,NA,13,NA,NA,0.722222222222222,NA,12331935.1626285,NA,12331933.0566848,NA,NA,0.99999982922845,NA
"150","NER",113,30,1,1,0.265486725663717,0.00884955752212389,0.00884955752212389,21154290.3452432,19209873.3182279,17090049.0426296,17090049.0426296,0.908084034241665,0.807876263571873,0.807876263571873
"151","NFK",1,NA,NA,NA,NA,NA,NA,0,NA,NA,NA,NA,NA,NA
"152","NGA",73,10,67,9,0.136986301369863,0.917808219178082,0.123287671232877,246027808.558424,228580234.548347,233241900.478326,215794486.895339,0.929082919071996,0.948030638670417,0.877114209811345
"153","NIC",45,9,43,9,0.2,0.955555555555556,0.2,46014527.6369896,23734936.1692441,46014467.6720177,23734936.1692441,0.515813969807316,0.99999869682522,0.515813969807316
"154","NLD",31,11,28,11,0.354838709677419,0.903225806451613,0.354838709677419,34599.857734635,29766.0816661254,34590.6703387931,29766.0816661254,0.860294914921834,0.999734467236473,0.860294914921834
"155","NOR",212,44,207,44,0.207547169811321,0.976415094339623,0.207547169811321,2761655.7853676,2754643.61004427,2761655.7853676,2754643.61004427,0.997460880041428,1,0.997460880041428
"156","NPL",2,2,2,2,1,1,1,264671063.857434,264671063.857434,264671063.857434,264671063.857434,1,1,1
"157","NRU",1,1,1,1,1,1,1,0,0,0,0,NA,NA,NA
"158","NZL",209,1,198,1,0.00478468899521531,0.947368421052632,0.00478468899521531,0,0,0,0,NA,NA,NA
"159","OMN",109,23,62,11,0.211009174311927,0.568807339449541,0.100917431192661,30783987.7926859,10354127.845535,21970319.923447,2538851.23479681,0.336347841457857,0.71369310796917,0.0824731107579252
"160","PAK",54,17,41,8,0.314814814814815,0.759259259259259,0.148148148148148,465837847.419724,439843545.599055,462062446.057621,436139292.605997,0.944198819471945,0.991895460227169,0.936247011748343
"161","PAN",88,18,86,18,0.204545454545455,0.977272727272727,0.204545454545455,22537434.3007127,1585763.60093733,22536954.287561,1585763.60093733,0.0703613188519503,0.999978701517429,0.0703613188519503
"162","PER",135,10,127,9,0.0740740740740741,0.940740740740741,0.0666666666666667,850628393.370914,495590519.781627,817735137.832092,462709049.735442,0.582616949591437,0.961330640036044,0.543961444670093
"163","PHL",307,2,289,1,0.00651465798045603,0.941368078175896,0.00325732899022801,182215773.893466,228.860354878707,182112413.039288,NA,0.00000125598541766484,0.999432755727072,NA
"164","PLW",1,1,1,1,1,1,1,0,0,0,0,NA,NA,NA
"165","PNG",240,16,232,15,0.0666666666666667,0.966666666666667,0.0625,60373820.8676412,9081272.73196673,60370982.5290345,9081272.73196673,0.150417392860985,0.999952987262262,0.150417392860985
"166","POL",33,14,31,14,0.424242424242424,0.939393939393939,0.424242424242424,3134511.11423288,3063541.40975507,3134492.33320168,3063541.40975507,0.977358604933461,0.999994008306076,0.977358604933461
"167","PRI",11,1,11,1,0.0909090909090909,1,0.0909090909090909,2318815.6385182,16261.7967650943,2318815.6385182,16261.7967650943,0.00701297528573083,1,0.00701297528573083
"168","PRK",68,12,63,12,0.176470588235294,0.926470588235294,0.176470588235294,125175620.249469,41098654.6021557,125170838.538135,41098654.6021557,0.328327948527421,0.999961799978904,0.328327948527421
"169","PRT",34,8,31,7,0.235294117647059,0.911764705882353,0.205882352941176,17423283.3058101,12510592.8908365,17421279.1089704,12508600.7536364,0.718038768655308,0.99988497019738,0.717924431009233
"170","PRY",1,1,1,1,1,1,1,31754336.0964867,31754336.0964867,31754336.0964867,31754336.0964867,1,1,1
"171","PSE",10,10,8,8,1,0.8,0.8,1457792.18408762,1457792.18408762,824989.752556669,824989.752556669,1,0.565917255944819,0.565917255944819
"172","QAT",18,6,17,6,0.333333333333333,0.944444444444444,0.333333333333333,715.294503672048,94.3362475584727,674.395835392177,94.3362475584727,0.131884485445067,0.942822616321091,0.131884485445067
"173","ROU",11,5,10,5,0.454545454545455,0.909090909090909,0.454545454545455,21327952.8739077,21204921.4869789,21327952.8739077,21204921.4869789,0.994231448856991,1,0.994231448856991
"174","RUS",1789,81,1653,61,0.0452766908887647,0.923979877026272,0.034097261039687,1850700281.15983,395797622.824643,1840475245.26937,385671756.96587,0.213863707080975,0.994475044935937,0.208392337155841
"175","RWA",2,2,2,2,1,1,1,NA,NA,NA,NA,NA,NA,NA
"176","SAU",612,65,175,29,0.106209150326797,0.285947712418301,0.0473856209150327,38492897.0432741,8186035.85762205,29365520.5232723,6249575.63859627,0.212663542793862,0.762881538644891,0.162356593518291
"177","SDN",129,25,61,9,0.193798449612403,0.472868217054264,0.0697674418604651,51718006.9269967,48983758.7914527,38296481.3543403,35562233.2262717,0.947131602743247,0.740486411404026,0.687618014291814
"178","SEN",31,15,29,15,0.483870967741935,0.935483870967742,0.483870967741935,4478165.0954518,3759748.57205257,4478120.59320113,3759748.57205257,0.839573461878644,0.999990062391691,0.839573461878644
"179","SGP",3,3,3,3,1,1,1,15621.0076016831,15621.0076016831,15621.0076016831,15621.0076016831,1,1,1
"180","SJM",82,NA,75,NA,NA,0.914634146341463,NA,137182.672848839,NA,137182.672848839,NA,NA,1,NA
"181","SLB",42,2,38,1,0.0476190476190476,0.904761904761905,0.0238095238095238,1751466.42671047,0,1747042.65252432,NA,0,0.997474245512967,NA
"182","SLE",21,10,21,10,0.476190476190476,1,0.476190476190476,16873002.8899685,13732987.8987492,16873002.8899685,13732987.8987492,0.81390301348872,1,0.81390301348872
"183","SLV",17,5,16,5,0.294117647058824,0.941176470588235,0.294117647058824,21082732.1982369,15180858.4635245,21082347.9140458,15180858.4635245,0.720061248266202,0.999981772562138,0.720061248266202
"184","SMR",2,2,2,2,1,1,1,79711.7860083114,79711.7860083114,79711.7860083114,79711.7860083114,1,1,1
"185","SOM",144,14,118,11,0.0972222222222222,0.819444444444444,0.0763888888888889,70283097.792931,7535148.94680591,67997650.0103881,5547746.29863513,0.10721139482221,0.967482255985979,0.078934288226452
"186","SPM",1,1,1,1,1,1,1,18101.4986854324,18101.4986854324,18101.4986854324,18101.4986854324,1,1,1
"187","SRB",4,4,4,4,1,1,1,8951812.95073209,8951812.95073209,8951812.95073209,8951812.95073209,1,1,1
"188","SSD",4,4,2,2,1,0.5,0.5,30245847.3425434,30245847.3425434,27095669.5911258,27095669.5911258,1,0.895847594688262,0.895847594688262
"189","STP",2,NA,2,NA,NA,1,NA,1886676.90868461,NA,1886676.90868461,NA,NA,1,NA
"190","SUR",22,5,20,5,0.227272727272727,0.909090909090909,0.227272727272727,419217.619519907,237240.427902684,419139.111516193,237240.427902684,0.565912349233733,0.999812727328103,0.565912349233733
"191","SVK",3,3,3,3,1,1,1,3098598.56326783,3098598.56326783,3098598.56326783,3098598.56326783,1,1,1
"192","SVN",6,6,6,6,1,1,1,3980655.51860024,3980655.51860024,3980655.51860024,3980655.51860024,1,1,1
"193","SWE",164,35,157,35,0.213414634146341,0.957317073170732,0.213414634146341,12575377.5380776,10984193.4837017,12575293.4735122,10984193.4837017,0.873468287567678,0.999993315145795,0.873468287567678
"194","SWZ",4,4,4,4,1,1,1,13727106.0622091,13727106.0622091,13727106.0622091,13727106.0622091,1,1,1
"195","SXM",1,1,1,1,1,1,1,4093.82001359132,4093.82001359132,4093.82001359132,4093.82001359132,1,1,1
"196","SYC",3,1,1,1,0.333333333333333,0.333333333333333,0.333333333333333,232.581151343737,230.042217105947,230.042217105947,230.042217105947,0.98908366295755,0.98908366295755,0.98908366295755
"197","SYR",25,13,10,6,0.52,0.4,0.24,19608688.5502585,12190404.1228444,17768140.2906689,10530022.809418,0.62168380570682,0.906136085803384,0.537008009609047
"198","TCA",1,NA,1,NA,NA,1,NA,1754.12454831242,NA,1754.12454831242,NA,NA,1,NA
"199","TCD",142,43,1,1,0.302816901408451,0.00704225352112676,0.00704225352112676,19647352.3629019,13924933.7729405,NA,NA,0.708743525119114,NA,NA
"200","TGO",10,10,10,10,1,1,1,26897518.7298801,26897518.7298801,26897518.7298801,26897518.7298801,1,1,1
"201","THA",125,37,123,37,0.296,0.984,0.296,126424377.796506,108576520.558701,126424019.923901,108576520.558701,0.858825824980266,0.999997169275329,0.858825824980266
"202","TJK",3,3,NA,NA,1,NA,NA,187489542.826436,187489542.826436,NA,NA,1,NA,NA
"203","TKM",97,11,29,5,0.11340206185567,0.298969072164948,0.0515463917525773,7498309.45703998,6536732.44049967,1222431.48247125,1196074.38011804,0.871760825283423,0.163027611686997,0.15951253905573
"204","TLS",19,8,19,8,0.421052631578947,1,0.421052631578947,22825993.9157404,7859999.66254534,22825993.9157404,7859999.66254534,0.34434424593118,1,0.34434424593118
"205","TTO",2,NA,2,NA,NA,1,NA,226200.222845977,NA,226200.222845977,NA,NA,1,NA
"206","TUN",82,23,45,10,0.280487804878049,0.548780487804878,0.121951219512195,20703064.5087899,13528172.824486,19258765.5774686,12856920.5983849,0.653438181518601,0.930237432689828,0.621015337749936
"207","TUR",212,18,180,16,0.0849056603773585,0.849056603773585,0.0754716981132075,332228977.497003,148320901.179762,321846502.932573,147372730.412692,0.446441795346102,0.968749039765734,0.443587827657271
"208","TUV",1,1,NA,NA,1,NA,NA,0,0,NA,NA,NA,NA,NA
"209","TZA",82,14,62,10,0.170731707317073,0.75609756097561,0.121951219512195,339531605.02718,196141973.084284,274674990.013938,155926361.938478,0.577683992241555,0.808982097533895,0.459239610185908
"210","UGA",4,4,2,2,1,0.5,0.5,86941041.4866114,86941041.4866114,82479538.9487189,82479538.9487189,1,0.948683585317072,0.948683585317072
"211","UKR",91,13,79,12,0.142857142857143,0.868131868131868,0.131868131868132,15507135.2128413,10857130.5969425,15505290.091351,10856769.2571658,0.700137739687201,0.999881014677117,0.700114438170079
"212","UMI",2,1,1,1,0.5,0.5,0.5,413.601788759232,NA,NA,NA,NA,NA,NA
"213","URY",28,6,27,6,0.214285714285714,0.964285714285714,0.214285714285714,8760836.45031271,6966689.60456432,8760528.21872948,6966689.60456432,0.795208270817069,0.999964817105651,0.795208270817069
"214","USA",1273,76,1071,75,0.0597014925373134,0.841319717203456,0.0589159465828751,1054771395.19658,621368317.58268,973967495.077843,621368317.58268,0.58910235944242,0.923392025526365,0.58910235944242
"215","UZB",97,26,1,1,0.268041237113402,0.0103092783505155,0.0103092783505155,45793572.507905,45010288.8876618,51.5914094097097,51.5914094097097,0.982895337110727,0.00000112660809332585,0.00000112660809332585
"216","VAT",1,1,1,1,1,1,1,NA,NA,NA,NA,NA,NA,NA
"217","VCT",2,1,1,NA,0.5,0.5,NA,164365.879799459,19578.5722160935,144787.307583366,NA,0.119115793618366,0.880884206381634,NA
"218","VEN",133,23,127,23,0.172932330827068,0.954887218045113,0.172932330827068,91752488.2072721,49489719.8733152,91752371.8148246,49489719.8733152,0.539382864053956,0.999998731451868,0.539382864053956
"219","VGB",1,1,1,1,1,1,1,47058.3448940362,47058.3448940362,47058.3448940362,47058.3448940362,1,1,1
"220","VIR",1,1,1,1,1,1,1,12989.7994613173,12989.7994613173,12989.7994613173,12989.7994613173,1,1,1
"221","VNM",110,19,108,19,0.172727272727273,0.981818181818182,0.172727272727273,203492922.039216,145181621.329162,203492866.680903,145181621.329162,0.71344801516577,0.999999727959516,0.71344801516577
"222","VUT",21,NA,17,NA,NA,0.80952380952381,NA,1378557.81737187,NA,1369387.45848986,NA,NA,0.993347860520285,NA
"223","YEM",139,15,121,10,0.107913669064748,0.870503597122302,0.0719424460431655,213133015.022289,8710384.01834649,167711108.872241,3538719.5024612,0.040868300096236,0.786884701343439,0.016603338070787
"224","ZAF",157,13,136,13,0.0828025477707006,0.866242038216561,0.0828025477707006,359571921.93165,253641058.967283,359445436.641547,253641058.967283,0.705397289100613,0.999648233684589,0.705397289100613
"225","ZMB",3,3,2,2,1,0.666666666666667,0.666666666666667,107951100.366926,107951100.366926,107398769.66738,107398769.66738,1,0.994883510240582,0.994883510240582
"226","ZWE",6,6,5,5,1,0.833333333333333,0.833333333333333,112365034.349192,112365034.349192,112139011.63745,112139011.63745,1,0.997988496038371,0.997988496038371
